"","outcome","contrast","estimate","SE","df","t.ratio","p.value"
"1","consc.gen","gen_attn - work_att",-0.0151350071524607,0.0088641311810415,511,-1.70744394947937,0.0883469869726719
"2","self.efficacy","gen_attn - work_att",-0.0158973061539079,0.00951591778684372,511,-1.67060146062704,0.0954127430316222
"3","orderliness","gen_attn - work_att",-0.0138900869644743,0.0148370681398224,511,-0.936174642697338,0.349625489275261
"4","dutifulness","gen_attn - work_att",0.00676355735021563,0.00983165919138801,511,0.687936513924337,0.491804909203783
"5","achievement.striving","gen_attn - work_att",-0.0337011071494704,0.0130812690299877,511,-2.57628729079827,0.010266392074949
"6","self.discipline","gen_attn - work_att",-0.0202879805776187,0.0119840314073663,511,-1.6929178410821,0.0910806108881012
"7","cautiousness","gen_attn - work_att",-0.0135081098100107,0.0146675715729348,511,-0.920950666089569,0.357510753726924
